{
    "id" : "standalonessl",
    "name": "mongod",
    "login": "bob",
    "password": "pwd123",
    "procParams": {
        "ipv6": true,
        "bind_ip": "127.0.0.1,::1",
        "logappend": true,
        "journal": true,
        "port": 27017
    },
    "sslParams": {
       "sslMode": "requireSSL",
       "sslPEMKeyFile": "/tmp/orchestration-home/server.pem",
       "sslCAFile": "/tmp/orchestration-home/ca.pem",
       "sslAllowInvalidCertificates": true,
       "sslWeakCertificateValidation" : true
    }
}
